CREATE DATABASE Escuela;

USE Escuela;

CREATE TABLE 
DEPARTAMENTO (
Dept Char(4) not null,
Dedif Char(2) not null,
Ddespacho integer not null,
Dchfno Char(3),
PRIMARY KEY (Dept)
);

CREATE TABLE 
CURSO (
Cno  Char(3) not null,
Cnombre Char (25) not null,
Cdescp char(25) not null,
cred integer not null,
Ctarifa Numeric not null,
Cdept Char (4) not null,
PRIMARY KEY (cno),
FOREIGN KEY (Cdept) REFERENCES departamento (Dept)
);

CREATE TABLE 
CLAUSTRO(
Fno Char (3) not null,
Fnombre Char(15) not null,
Fdomi Char(20) not null,
Ffcanti Date not null,
Fnumdep Integer,
Fsueldo Numeric not null,
Fdept Char(4) not null, 
PRIMARY KEY (Fno),
FOREIGN KEY (Fdept) REFERENCES departamento (dept)
);

CREATE TABLE 
CLASE (
Cno Char(3) not null, 
Sec Char (2) not null,
Cinstrfno Char(2) not null,
Cdia Char(2) not null,
Chora Char(14) not null,
Cedif Char(2) not null,
Cdespacho Integer not null,
PRIMARY KEY (Cno, sec),
FOREIGN KEY (Cno) REFERENCES Curso (cno)
);


CREATE TABLE 
ESTUDIANTE (
Sno Char(3) not null ,
Snombre Char(30) not null,
Sdomi Char(15) not null,
Stlfno Char(12) not null,
Sfnacim Char(6) not null,
Siq Integer not null,
Sadvfno Char(3) not null,
Sesp Char(4) not null ,
PRIMARY KEY (Sno),
FOREIGN KEY (Sesp) REFERENCES Departamento (Dept)
);

CREATE TABLE 
MATRICULA (
Cno Char(3) not null ,
Sec Char(2) not null ,
Sno Char(3) not null ,
Fechamat Date not null,
Horamat Char(10) not null,
PRIMARY KEY(Cno, Sec, Sno),
FOREIGN KEY (Sno) REFERENCES Estudiante (Sno)
);

CREATE TABLE 
PERSONAL(
Enombre  Char(15) not null,
Cargo Char(10) not null,
Esueldo Integer not null,
Dept Char(4),
PRIMARY KEY (Enombre)
);

/*Datos a insertar
DEPARTAMENTO*/

INSERT INTO Departamento VALUES ('Theo','Hu',200,'10');
INSERT INTO Departamento VALUES ('Cis','Sc',300,'80');
INSERT INTO Departamento VALUES ('D.G:','Sc',100,Null);
INSERT INTO Departamento VALUES ('Phil','Hu',100,'60');

SELECT * FROM DEPARTAMENTO;
CURSO
INSERT INTO Curso VALUES ('C11','INTRO A LAS CC','PARA NOVATOS',3,100,'CIS');
INSERT INTO Curso VALUES ('C22','ESTRUCT. DE DATOS','MUY UTIL',3,50,'CIS');
INSERT INTO Curso VALUES ('C33','MATEMATICAS DISCRETAS','ABSOLUTAMENTE NECESARIO',3,0,'CIS');
INSERT INTO Curso VALUES ('C44','CIRCUITOS DIGITALES','AH HA',3,0,'CIS');
INSERT INTO Curso VALUES ('C55','ARQUITEC. COMPUTADOR','MAQ VON NEUMAN',3,100,'CIS');
INSERT INTO Curso VALUES ('C66','BASE DE DATOS RELAC','IMPRENSCINDIBLE',3,500,'CIS');
INSERT INTO Curso VALUES ('P11','EMPIRISMO','VERLO PARA CREERLO',3,100,'PHIL');
INSERT INTO Curso VALUES ('P22','RACIONALISMO','PARA USUARLOS CIS',3,50,'PHIL');
INSERT INTO Curso VALUES ('P33','EXISTENCIALISMO','PARA USARLOS CIS',3,200,'PHIL');
INSERT INTO Curso VALUES ('P44','SOLIPSISMO','PARA MI MISMO',6,0,'PHIL');
INSERT INTO Curso VALUES ('T11','ESCOLATISTICISMO','PARA BEATOS',3,150,'THEO');
INSERT INTO Curso VALUES ('T22','FUNDAMENTALISMO','PARA DESCUIDADOS',3,90,'THEO');
INSERT INTO Curso VALUES ('T33','HEDODISMO','PARA SANOS',3,0,'THEO');
INSERT INTO Curso VALUES ('T44','COMUNISMO','PARA AVAROS',6,200,'THEO');
SELECT * FROM Curso;
CLAUSTRO
INSERT INTO Claustro VALUES ('06','KATHY PEPE','CALLE LA PIEDRA, 7',"1979-01-15",2,35000,'PHIL');
INSERT INTO Claustro VALUES ('10','JESSIE MARTIN','DR DEL ESTE, 4',"1969-09-01",2,45000,'THEO');
INSERT INTO Claustro VALUES ('08','JOSE COHN','AP. CORREOS, 1138',"1979-07-09",2,35000,'CIS');
INSERT INTO Claustro VALUES ('85','AL HARTLEY','CALLE DE LA PLATA',"1979-09-05",7,45000,'CIS');
INSERT INTO Claustro VALUES ('60','JULIA MARTIN','DR DEL ESTE, 4',"1969-09-01",1,45000,'PHIL');
INSERT INTO Claustro VALUES ('65','LISA BOBAK','CAMINO RISA, 77',"1981-09-06",0,36000,'THEO');
INSERT INTO Claustro VALUES ('80','BARB HLAVATY','CALLE DEL SUR, 489',"1982-01-16",3,35000,'CIS');
SELECT * FROM CLAUSTRO;
CLASE
INSERT INTO Clase VALUES ('C11','01','08','LU','08:00-09:00 AM','SC',305);
INSERT INTO Clase VALUES ('C11','02','08','MA','08:00-09:00 AM','SC',306);
INSERT INTO Clase VALUES ('C33','01','80','MI','09:00-10:00 AM','SC', 305);
INSERT INTO Clase VALUES ('C55','01','85','JU','11:00-12:00 AM','HU', 306);
INSERT INTO Clase VALUES ('P11','01','06','JU','09:00-10:00 AM','HU', 102);
INSERT INTO Clase VALUES ('P33','01','06','VI','11:00-12:00 AM ','HU', 201);
INSERT INTO Clase VALUES ('T11','01','10','LU','10:00–11:00 AM','HU', 101);
INSERT INTO Clase VALUES ('T11','02','65','LU','10:00-11:00 AM','HU',102);
INSERT INTO Clase VALUES ('T33','01','65','MI','11:00–12:00 AM','HU',101);
SELECT * FROM CLASE;
ESTUDIANTE
INSERT INTO Estudiante VALUES ('325','CURLEY DUBAY','CONNECTICUT','203-123-4567','780517',122,'10','THEO');
INSERT INTO Estudiante VALUES ('150','LARRY DUBAY','CONNECTICUT','203-123-4567','780517',121,'80','CIS');
INSERT INTO Estudiante VALUES ('100','MOE DUBAY','CONNECTICUT','203-123-4567','780517',120,'10','THEO');
INSERT INTO Estudiante VALUES ('800','ROCKY BALBOA','PENSYLVANIA','112-112-1122','461004',99,'60','PHIL');
SELECT * FROM ESTUDIANTE;
MATRICULA
INSERT INTO Matricula VALUES ('C11','01','325','1987-01-04','09.41.30');
INSERT INTO Matricula VALUES ('C11','01','800','1987-12-15','11.49.00');
INSERT INTO Matricula VALUES ('C11','02','100','1987-12-17','09.32.00');
INSERT INTO Matricula VALUES ('C11','02','150','1987-12-17','09.32.30');
INSERT INTO Matricula VALUES ('P33','01','100','1987-12-23','11.30.00');
INSERT INTO Matricula VALUES ('P33','O1','800','1987-12-23','11.23.00');
INSERT INTO Matricula VALUES ('T11','01','100','1987-12-23','11.21.00');
INSERT INTO Matricula VALUES ('T11','01','150','1987-12-15','11.35.30');
INSERT INTO Matricula VALUES ('T11','01','800','1987-12-15','14.00.00');
SELECT * FROM MATRICULA;
PERSONAL
INSERT INTO Personal VALUES ('LUCAS','EVANG1',53,'THEO');
INSERT INTO Personal VALUES ('MARCOS','EVANG2',52,'THEO');
INSERT INTO Personal VALUES ('MATEO','EVANG3',51,'THEO');
INSERT INTO Personal VALUES ('DICK NIX','LADRON',25001,'PHIL');
INSERT INTO Personal VALUES ('HANK KISS','BUFÓN',25000,'PHIL');
INSERT INTO Personal VALUES ('JUAN','EVANG4',54,'THEO');
INSERT INTO Personal VALUES ('EUCLIDES','AYTE LAB',1000,'MATH');
INSERT INTO Personal VALUES ('ARQUIMIDES','AYTE LAB',200,'ENG');
INSERT INTO Personal VALUES ('DAVINCI','AYTE LAB',500,'NULL');
SELECT * FROM PERSONAL;

